132	CTT	80	NAB
268	CTT	117	NAB
279	CTT	119	NAB
292	CTT	120	NAB
361	CTT	126	NAB
370	CTT	127	NAB
371	CTT	136	NAB
372	CTT	138	NAB
373	CTT	232	NAB
392	CTT	248	NAB
620	CTT	253	NAB
673	CTT	347	NAB
708	CTT	503	NAB
711	CTT	504	NAB
803	CTT	576	NAB
827	CTT	772	NAB
828	CTT	856	NAB
829	CTT	909	NAB
830	CTT	930	NAB
837	CTT	1114	NAB
838	CTT	1116	NAB
848	CTT	1164	NAB
860	CTT	1166	NAB
883	CTT	1232	NAB
971	CTT	1307	NAB
972	CTT	1396	NAB
978	CTT	1460	NAB
982	CTT	1513	NAB
987	CTT	1688	NAB
988	CTT	1708	NAB
989	CTT	1732	NAB
1011	CTT	1813	NAB
1076	CTT	1994	NAB
1103	CTT	1996	NAB
1121	CTT	1998	NAB
1143	CTT	2117	NAB
1145	CTT	2132	NAB
1149	CTT	2134	NAB
1151	CTT	2231	NAB
1157	CTT	2237	NAB
1162	CTT	2243	NAB
1260	CTT	2248	NAB
1275	CTT	2250	NAB
1338	CTT	2277	NAB
1370	CTT	2286	NAB
1388	CTT	2291	NAB
1390	CTT	2319	NAB
1393	CTT	2320	NAB
1402	CTT	2329	NAB
1410	CTT	2349	NAB
1427	CTT	2350	NAB
1434	CTT	2353	NAB
1452	CTT	2354	NAB
1457	CTT	2357	NAB
1493	CTT	2390	NAB
1496	CTT	2392	NAB
1498	CTT	2585	NAB
1500	CTT	2592	NAB
1579	CTT	2622	NAB
1581	CTT	2655	NAB
1679	CTT	2680	NAB
1684	CTT	2682	NAB
1686	CTT	2777	NAB
1694	CTT	2937	NAB
1695	CTT	2938	NAB
1697	CTT	2940	NAB
1699	CTT	2942	NAB
1701	CTT	2943	NAB
1703	CTT	3089	NAB
1718	CTT	3150	NAB
1720	CTT	3712	NAB
1723	CTT	3713	NAB
1730	CTT	3714	NAB
1743	CTT	3715	NAB
1744	CTT	4188	NAB
1745	CTT	4279	NAB
1748	CTT	4293	NAB
1749	CTT	4405	NAB
1779	CTT	4409	NAB
1815	CTT	4700	NAB
1818	CTT	4701	NAB
1898	CTT	4910	NAB
1906	CTT	5029	NAB
1947	CTT	5753	NAB
1950	CTT	6004	NAB
1978	CTT	6056	NAB
2006	CTT	6092	NAB
2008	CTT	6094	NAB
2026	CTT	6096	NAB
2066	CTT	6097	NAB
2084	CTT	6253	NAB
2091	CTT	6968	NAB
2104	CTT	7325	NAB
2150	CTT	7431	NAB
2196	CTT	7481	NAB
2199	CTT	7500	NAB
2415	CTT	7501	NAB
2416	CTT	7518	NAB
2419	CTT	7699	NAB
2431	CTT	7700	NAB
2445	CTT	7703	NAB
2488	CTT	7825	NAB
2532	CTT	7945	NAB
2538	CTT	7947	NAB
2542	CTT	7977	NAB
2544	CTT	7978	NAB
2545	CTT	7979	NAB
2546	CTT	7980	NAB
2548	CTT	7981	NAB
2566	CTT	7982	NAB
2569	CTT	7983	NAB
2570	CTT	7985	NAB
2571	CTT	8304	NAB
2828	CTT	8411	NAB
2868	CTT	8413	NAB
2977	CTT	8418	NAB
2982	CTT	8475	NAB
3005	CTT	8476	NAB
3143	CTT	8538	NAB
3236	CTT	8544	NAB
3242	CTT	8581	NAB
3250	CTT	8583	NAB
3251	CTT	8791	NAB
3252	CTT	8793	NAB
3723	CTT	8837	NAB
3730	CTT	8841	NAB
3733	CTT	8919	NAB
3735	CTT	8921	NAB
3751	CTT	8923	NAB
3802	CTT	8926	NAB
3803	CTT	8931	NAB
3804	CTT	8933	NAB
3805	CTT	8998	NAB
3807	CTT	9084	NAB
4117	CTT	9085	NAB
4121	CTT	9087	NAB
4141	CTT	9088	NAB
4143	CTT	9089	NAB
4155	CTT	9090	NAB
4181	CTT	9091	NAB
4193	CTT	9092	NAB
4198	CTT	9093	NAB
4221	CTT	9094	NAB
4222	CTT	9096	NAB
4223	CTT	9097	NAB
4262	CTT	9099	NAB
4264	CTT	9102	NAB
4730	CTT	9104	NAB
5018	CTT	9233	NAB
5192	CTT	9236	NAB
5250	CTT	9274	NAB
5402	CTT	9276	NAB
5409	CTT	9277	NAB
5625	CTT	9442	NAB
6019	CTT	9734	NAB
6072	CTT	9737	NAB
6154	CTT	9738	NAB
6161	CTT	9739	NAB
6281	CTT	9740	NAB
6288	CTT	9793	NAB
6339	CTT	9795	NAB
6413	CTT	9832	NAB
6440	CTT	10028	NAB
6580	CTT	10030	NAB
6581	CTT	10032	NAB
6658	CTT	10233	NAB
6942	CTT	10313	NAB
6944	CTT	10335	NAB
6946	CTT	10389	NAB
7605	CTT	10644	NAB
7642	CTT	10646	NAB
7707	CTT	10720	NAB
7729	CTT	10723	NAB
7733	CTT	10724	NAB
7734	CTT	10732	NAB
7755	CTT	10738	NAB
7949	CTT	10746	NAB
7960	CTT	11062	NAB
7995	CTT	11072	NAB
8037	CTT	11084	NAB
8064	CTT	11102	NAB
8065	CTT	11103	NAB
8069	CTT	11105	NAB
8078	CTT	11106	NAB
8107	CTT	11185	NAB
8147	CTT	11189	NAB
8153	CTT	11190	NAB
8336	CTT	11191	NAB
8347	CTT	11240	NAB
8381	CTT	11242	NAB
8452	CTT	11243	NAB
8454	CTT	11250	NAB
8683	CTT	11556	NAB
8692	CTT	11593	NAB
8757	CTT	11721	NAB
8761	CTT	11805	NAB
8775	CTT	12116	NAB
8776	CTT	12358	NAB
8814	CTT	12360	NAB
9067	CTT	12815	NAB
9068	CTT	12837	NAB
9069	CTT	12838	NAB
9071	CTT	13061	NAB
9072	CTT	13065	NAB
9073	CTT	13213	NAB
9074	CTT	13486	NAB
9079	CTT	13579	NAB
9080	CTT	13610	NAB
9081	CTT	13632	NAB
9083	CTT	13783	NAB
9219	CTT	13833	NAB
9224	CTT	14072	NAB
9253	CTT	14090	NAB
9256	CTT	14232	NAB
9259	CTT	14328	NAB
9260	CTT	14730	NAB
9261	CTT	14732	NAB
9320	CTT	14734	NAB
9343	CTT	14736	NAB
9347	CTT	14842	NAB
9349	CTT	14844	NAB
9351	CTT	15000	NAB
9353	CTT	15002	NAB
9355	CTT	15008	NAB
9393	CTT	15041	NAB
9427	CTT	15043	NAB
9428	CTT	15162	NAB
9431	CTT	15164	NAB
9432	CTT	15166	NAB
9448	CTT	15174	NAB
9689	CTT	15190	NAB
9713	CTT	15319	NAB
9714	CTT	15469	NAB
9720	CTT	15472	NAB
9736	CTT	15488	NAB
9786	CTT	15489	NAB
9796	CTT	15674	NAB
9805	CTT	15915	NAB
9807	CTT	15917	NAB
9809	CTT	15970	NAB
9855	CTT	15971	NAB
9883	CTT	15972	NAB
9885	CTT	15982	NAB
9886	CTT	15984	NAB
9887	CTT	15986	NAB
9911	CTT	15988	NAB
10077	CTT	15990	NAB
10079	CTT	15992	NAB
10126	CTT	15994	NAB
10162	CTT	15996	NAB
10175	CTT	16000	NAB
10212	CTT	16005	NAB
10223	CTT	16007	NAB
10245	CTT	16009	NAB
10276	CTT	16011	NAB
10280	CTT	16013	NAB
10282	CTT	16015	NAB
10284	CTT	16017	NAB
10286	CTT	16021	NAB
10303	CTT	16279	NAB
10306	CTT	16538	NAB
10307	CTT	16542	NAB
10309	CTT	16555	NAB
10311	CTT	16557	NAB
10323	CTT	16559	NAB
10329	CTT	16565	NAB
10355	CTT	16567	NAB
10359	CTT	16573	NAB
10361	CTT	16592	NAB
10363	CTT	16612	NAB
10365	CTT	16633	NAB
10378	CTT	16635	NAB
10393	CTT	16637	NAB
10396	CTT	16639	NAB
10404	CTT	16721	NAB
10435	CTT	16722	NAB
10452	CTT	16723	NAB
10530	CTT	16793	NAB
10537	CTT	16801	NAB
10539	CTT	16806	NAB
10548	CTT	16808	NAB
10550	CTT	16810	NAB
10552	CTT	16946	NAB
10603	CTT	16959	NAB
10605	CTT	17163	NAB
10607	CTT	17166	NAB
10609	CTT	17167	NAB
10611	CTT	17204	NAB
10613	CTT	17211	NAB
10642	CTT	17494	NAB
10709	CTT	17496	NAB
10741	CTT	17498	NAB
10757	CTT	17500	NAB
10773	CTT	17545	NAB
10894	CTT	17547	NAB
11078	CTT	17551	NAB
11108	CTT	17554	NAB
11110	CTT	17698	NAB
11215	CTT	17799	NAB
11228	CTT	17806	NAB
11230	CTT	17910	NAB
11251	CTT	18137	NAB
11252	CTT	18152	NAB
11253	CTT	18184	NAB
11259	CTT	18185	NAB
11260	CTT	18266	NAB
11263	CTT	18267	NAB
11265	CTT	18268	NAB
11267	CTT	18341	NAB
11325	CTT	18345	NAB
11327	CTT	18375	NAB
11330	CTT	18377	NAB
11332	CTT	18379	NAB
11333	CTT	18390	NAB
11334	CTT	18396	NAB
11353	CTT	18398	NAB
11368	CTT	18455	NAB
11371	CTT	18459	NAB
11378	CTT	18461	NAB
11401	CTT	18475	NAB
11425	CTT	19164	NAB
11458	CTT	19225	NAB
11501	CTT	19227	NAB
11503	CTT	19228	NAB
11504	CTT	19229	NAB
11518	CTT	19231	NAB
11559	CTT	19303	NAB
11588	CTT	19305	NAB
11592	CTT	19307	NAB
11621	CTT	19309	NAB
11623	CTT	19312	NAB
11766	CTT	19321	NAB
11790	CTT	19658	NAB
11792	CTT	19743	NAB
11870	CTT	20178	NAB
11878	CTT	20291	NAB
11934	CTT	20293	NAB
11937	CTT	20295	NAB
11939	CTT	20349	NAB
11940	CTT	20491	NAB
11945	CTT	20494	NAB
11946	CTT	20495	NAB
11948	CTT	20717	NAB
11949	CTT	20718	NAB
11950	CTT	20902	NAB
11951	CTT	20933	NAB
11953	CTT	20941	NAB
11986	CTT	20943	NAB
11987	CTT	21009	NAB
11988	CTT	21010	NAB
11989	CTT	21011	NAB
11990	CTT	21073	NAB
12014	CTT	21074	NAB
12087	CTT	21118	NAB
12127	CTT	21173	NAB
12129	CTT	21228	NAB
12132	CTT	21296	NAB
12254	CTT	21361	NAB
12329	CTT	21363	NAB
12525	CTT	21365	NAB
12546	CTT	21371	NAB
12602	CTT	21391	NAB
12604	CTT	21393	NAB
12693	CTT	21441	NAB
12716	CTT	21443	NAB
12717	CTT	21445	NAB
12735	CTT	21488	NAB
12736	CTT	21566	NAB
12745	CTT	21568	NAB
12747	CTT	21570	NAB
12782	CTT	21666	NAB
12799	CTT	21878	NAB
12805	CTT	21880	NAB
12817	CTT	22000	NAB
12819	CTT	22001	NAB
12832	CTT	22016	NAB
12835	CTT	22019	NAB
12848	CTT	22020	NAB
12850	CTT	22108	NAB
12852	CTT	22114	NAB
12854	CTT	22116	NAB
12881	CTT	22123	NAB
12882	CTT	22125	NAB
12884	CTT	22127	NAB
12886	CTT	22169	NAB
12889	CTT	22200	NAB
12895	CTT	22202	NAB
12897	CTT	22204	NAB
12898	CTT	22206	NAB
12899	CTT	22207	NAB
12916	CTT	22214	NAB
12946	CTT	22220	NAB
12948	CTT	22257	NAB
12949	CTT	22259	NAB
12951	CTT	22262	NAB
12978	CTT	22263	NAB
12989	CTT	22333	NAB
13013	CTT	22344	NAB
13040	CTT	22346	NAB
13043	CTT	22347	NAB
13045	CTT	22348	NAB
13053	CTT	22349	NAB
13078	CTT	22350	NAB
13079	CTT	22619	NAB
13121	CTT	22621	NAB
13128	CTT	22745	NAB
13129	CTT	23163	NAB
13140	CTT	23297	NAB
13194	CTT	23424	NAB
13195	CTT	23463	NAB
13196	CTT	23506	NAB
13199	CTT	23508	NAB
13201	CTT	23510	NAB
13203	CTT	23513	NAB
13205	CTT	23516	NAB
13260	CTT	23518	NAB
13262	CTT	23731	NAB
13266	CTT	24018	NAB
13267	CTT	24102	NAB
13268	CTT	24204	NAB
13269	CTT	24206	NAB
13307	CTT	24306	NAB
13311	CTT	24357	NAB
13332	CTT	24359	NAB
13333	CTT	24632	NAB
13341	CTT	25401	NAB
13346	CTT	25402	NAB
13370	CTT	25403	NAB
13372	CTT	25404	NAB
13377	CTT	25450	NAB
13386	CTT	25451	NAB
13388	CTT	25522	NAB
13398	CTT	25530	NAB
13400	CTT	25582	NAB
13402	CTT	25700	NAB
13404	CTT	25816	NAB
13439	CTT	26346	NAB
13444	CTT	26503	NAB
13446	CTT	26598	NAB
13452	CTT	26605	NAB
13454	CTT	26607	NAB
13456	CTT	26608	NAB
13459	CTT	26699	NAB
13463	CTT	26836	NAB
13464	CTT	26838	NAB
13472	CTT	27569	NAB
13476	CTT	27576	NAB
13478	CTT	28512	NAB
13479	CTT	28771	NAB
13487	CTT	29143	NAB
13489	CTT	29148	NAB
13541	CTT	29365	NAB
13543	CTT	29366	NAB
13546	CTT	29402	NAB
13566	CTT	29493	NAB
13567	CTT	29495	NAB
13569	CTT	29659	NAB
13572	CTT	29670	NAB
13577	CTT	29845	NAB
13578	CTT	30045	NAB
13588	CTT	30910	NAB
13597	CTT	31066	NAB
13606	CTT	31105	NAB
13652	CTT	31272	NAB
13706	CTT	31557	NAB
13707	CTT	31887	NAB
13708	CTT	31962	NAB
13767	CTT	31964	NAB
13768	CTT	32067	NAB
13797	CTT	32069	NAB
13799	CTT	32071	NAB
13827	CTT	32345	NAB
13837	CTT	32425	NAB
13839	CTT	32427	NAB
13843	CTT	32554	NAB
13851	CTT	32969	NAB
13853	CTT	32970	NAB
13855	CTT	33167	NAB
13857	CTT	33298	NAB
13859	CTT	-	-
13861	CTT	-	-
13865	CTT	-	-
13866	CTT	-	-
13872	CTT	-	-
13873	CTT	-	-
13874	CTT	-	-
13951	CTT	-	-
14025	CTT	-	-
14048	CTT	-	-
14056	CTT	-	-
14058	CTT	-	-
14062	CTT	-	-
14065	CTT	-	-
14068	CTT	-	-
14069	CTT	-	-
14074	CTT	-	-
14075	CTT	-	-
14076	CTT	-	-
14084	CTT	-	-
14086	CTT	-	-
14096	CTT	-	-
14097	CTT	-	-
14099	CTT	-	-
14101	CTT	-	-
14103	CTT	-	-
14109	CTT	-	-
14111	CTT	-	-
14113	CTT	-	-
14117	CTT	-	-
14120	CTT	-	-
14123	CTT	-	-
14135	CTT	-	-
14138	CTT	-	-
14210	CTT	-	-
14224	CTT	-	-
14281	CTT	-	-
14283	CTT	-	-
14285	CTT	-	-
14287	CTT	-	-
14289	CTT	-	-
14293	CTT	-	-
14295	CTT	-	-
14324	CTT	-	-
14326	CTT	-	-
14340	CTT	-	-
14405	CTT	-	-
14523	CTT	-	-
14532	CTT	-	-
14535	CTT	-	-
14538	CTT	-	-
14540	CTT	-	-
14542	CTT	-	-
14544	CTT	-	-
14546	CTT	-	-
14548	CTT	-	-
14550	CTT	-	-
14552	CTT	-	-
14554	CTT	-	-
14556	CTT	-	-
14558	CTT	-	-
14560	CTT	-	-
14568	CTT	-	-
14571	CTT	-	-
14660	CTT	-	-
14661	CTT	-	-
14672	CTT	-	-
14674	CTT	-	-
14695	CTT	-	-
14696	CTT	-	-
14707	CTT	-	-
14708	CTT	-	-
14709	CTT	-	-
14711	CTT	-	-
14713	CTT	-	-
14715	CTT	-	-
14718	CTT	-	-
14724	CTT	-	-
14792	CTT	-	-
14836	CTT	-	-
14838	CTT	-	-
14840	CTT	-	-
14970	CTT	-	-
14971	CTT	-	-
14990	CTT	-	-
15012	CTT	-	-
15014	CTT	-	-
15034	CTT	-	-
15035	CTT	-	-
15051	CTT	-	-
15052	CTT	-	-
15054	CTT	-	-
15056	CTT	-	-
15060	CTT	-	-
15062	CTT	-	-
15070	CTT	-	-
15123	CTT	-	-
15127	CTT	-	-
15130	CTT	-	-
15132	CTT	-	-
15134	CTT	-	-
15135	CTT	-	-
15205	CTT	-	-
15235	CTT	-	-
15247	CTT	-	-
15293	CTT	-	-
15296	CTT	-	-
15320	CTT	-	-
15321	CTT	-	-
15322	CTT	-	-
15323	CTT	-	-
15325	CTT	-	-
15326	CTT	-	-
15327	CTT	-	-
15328	CTT	-	-
15329	CTT	-	-
15330	CTT	-	-
15331	CTT	-	-
15332	CTT	-	-
15333	CTT	-	-
15334	CTT	-	-
15335	CTT	-	-
15336	CTT	-	-
15337	CTT	-	-
15338	CTT	-	-
15339	CTT	-	-
15342	CTT	-	-
15343	CTT	-	-
15344	CTT	-	-
15345	CTT	-	-
15348	CTT	-	-
15352	CTT	-	-
15353	CTT	-	-
15354	CTT	-	-
15355	CTT	-	-
15365	CTT	-	-
15379	CTT	-	-
15405	CTT	-	-
15406	CTT	-	-
15407	CTT	-	-
15408	CTT	-	-
15409	CTT	-	-
15410	CTT	-	-
15411	CTT	-	-
15451	CTT	-	-
15452	CTT	-	-
15453	CTT	-	-
15454	CTT	-	-
15456	CTT	-	-
15509	CTT	-	-
15529	CTT	-	-
15531	CTT	-	-
15534	CTT	-	-
15546	CTT	-	-
15549	CTT	-	-
15551	CTT	-	-
15582	CTT	-	-
15584	CTT	-	-
15620	CTT	-	-
15672	CTT	-	-
15721	CTT	-	-
15728	CTT	-	-
15730	CTT	-	-
15778	CTT	-	-
15786	CTT	-	-
15788	CTT	-	-
15792	CTT	-	-
15795	CTT	-	-
15797	CTT	-	-
15799	CTT	-	-
15801	CTT	-	-
15806	CTT	-	-
15808	CTT	-	-
15810	CTT	-	-
15840	CTT	-	-
15841	CTT	-	-
15842	CTT	-	-
15843	CTT	-	-
15856	CTT	-	-
15857	CTT	-	-
15868	CTT	-	-
15869	CTT	-	-
15870	CTT	-	-
15871	CTT	-	-
15872	CTT	-	-
15873	CTT	-	-
15876	CTT	-	-
15877	CTT	-	-
15878	CTT	-	-
15879	CTT	-	-
15880	CTT	-	-
15881	CTT	-	-
15884	CTT	-	-
15885	CTT	-	-
15892	CTT	-	-
15893	CTT	-	-
15895	CTT	-	-
15896	CTT	-	-
15931	CTT	-	-
15933	CTT	-	-
15952	CTT	-	-
15960	CTT	-	-
16004	CTT	-	-
16033	CTT	-	-
16074	CTT	-	-
16080	CTT	-	-
16083	CTT	-	-
16102	CTT	-	-
16104	CTT	-	-
16106	CTT	-	-
16108	CTT	-	-
16110	CTT	-	-
16112	CTT	-	-
16114	CTT	-	-
16116	CTT	-	-
16118	CTT	-	-
16120	CTT	-	-
16122	CTT	-	-
16124	CTT	-	-
16128	CTT	-	-
16130	CTT	-	-
16132	CTT	-	-
16194	CTT	-	-
16195	CTT	-	-
16200	CTT	-	-
16202	CTT	-	-
16246	CTT	-	-
16251	CTT	-	-
16253	CTT	-	-
16258	CTT	-	-
16338	CTT	-	-
16344	CTT	-	-
16350	CTT	-	-
16353	CTT	-	-
16354	CTT	-	-
16358	CTT	-	-
16360	CTT	-	-
16361	CTT	-	-
16365	CTT	-	-
16368	CTT	-	-
16411	CTT	-	-
16417	CTT	-	-
16419	CTT	-	-
16420	CTT	-	-
16421	CTT	-	-
16428	CTT	-	-
16432	CTT	-	-
16433	CTT	-	-
16463	CTT	-	-
16464	CTT	-	-
16466	CTT	-	-
16480	CTT	-	-
16488	CTT	-	-
16503	CTT	-	-
16540	CTT	-	-
16551	CTT	-	-
16651	CTT	-	-
16654	CTT	-	-
16656	CTT	-	-
16663	CTT	-	-
16665	CTT	-	-
16697	CTT	-	-
16698	CTT	-	-
16728	CTT	-	-
16816	CTT	-	-
16819	CTT	-	-
16822	CTT	-	-
16836	CTT	-	-
16837	CTT	-	-
16838	CTT	-	-
16839	CTT	-	-
16866	CTT	-	-
16869	CTT	-	-
16875	CTT	-	-
16878	CTT	-	-
16881	CTT	-	-
16884	CTT	-	-
16887	CTT	-	-
16890	CTT	-	-
16893	CTT	-	-
16944	CTT	-	-
16964	CTT	-	-
16980	CTT	-	-
16981	CTT	-	-
16982	CTT	-	-
16992	CTT	-	-
16993	CTT	-	-
17008	CTT	-	-
17034	CTT	-	-
17037	CTT	-	-
17068	CTT	-	-
17177	CTT	-	-
17193	CTT	-	-
17196	CTT	-	-
17202	CTT	-	-
17208	CTT	-	-
17214	CTT	-	-
17217	CTT	-	-
17261	CTT	-	-
17262	CTT	-	-
17264	CTT	-	-
17266	CTT	-	-
17268	CTT	-	-
17276	CTT	-	-
17278	CTT	-	-
17281	CTT	-	-
17283	CTT	-	-
17285	CTT	-	-
17293	CTT	-	-
17295	CTT	-	-
17324	CTT	-	-
17325	CTT	-	-
17326	CTT	-	-
17327	CTT	-	-
17328	CTT	-	-
17329	CTT	-	-
17332	CTT	-	-
17335	CTT	-	-
17341	CTT	-	-
17342	CTT	-	-
17345	CTT	-	-
17346	CTT	-	-
17349	CTT	-	-
17361	CTT	-	-
17362	CTT	-	-
17366	CTT	-	-
17374	CTT	-	-
17375	CTT	-	-
17376	CTT	-	-
17390	CTT	-	-
17444	CTT	-	-
17502	CTT	-	-
17571	CTT	-	-
17576	CTT	-	-
17577	CTT	-	-
17578	CTT	-	-
17579	CTT	-	-
17593	CTT	-	-
17595	CTT	-	-
17608	CTT	-	-
17616	CTT	-	-
17618	CTT	-	-
17620	CTT	-	-
17622	CTT	-	-
17625	CTT	-	-
17627	CTT	-	-
17629	CTT	-	-
17633	CTT	-	-
17634	CTT	-	-
17636	CTT	-	-
17638	CTT	-	-
17678	CTT	-	-
17679	CTT	-	-
17682	CTT	-	-
17685	CTT	-	-
17695	CTT	-	-
17696	CTT	-	-
17725	CTT	-	-
17754	CTT	-	-
17757	CTT	-	-
17797	CTT	-	-
17808	CTT	-	-
17810	CTT	-	-
17819	CTT	-	-
17820	CTT	-	-
17821	CTT	-	-
17822	CTT	-	-
17823	CTT	-	-
17874	CTT	-	-
17902	CTT	-	-
17906	CTT	-	-
17916	CTT	-	-
17944	CTT	-	-
17952	CTT	-	-
17956	CTT	-	-
17982	CTT	-	-
17983	CTT	-	-
17987	CTT	-	-
17988	CTT	-	-
17989	CTT	-	-
17998	CTT	-	-
17999	CTT	-	-
18005	CTT	-	-
18006	CTT	-	-
18014	CTT	-	-
18017	CTT	-	-
18044	CTT	-	-
18060	CTT	-	-
18062	CTT	-	-
18114	CTT	-	-
18116	CTT	-	-
18117	CTT	-	-
18118	CTT	-	-
18135	CTT	-	-
18139	CTT	-	-
18140	CTT	-	-
18142	CTT	-	-
18144	CTT	-	-
18145	CTT	-	-
18187	CTT	-	-
18191	CTT	-	-
18193	CTT	-	-
18233	CTT	-	-
18235	CTT	-	-
18241	CTT	-	-
18242	CTT	-	-
18243	CTT	-	-
18245	CTT	-	-
18255	CTT	-	-
18273	CTT	-	-
18276	CTT	-	-
18278	CTT	-	-
18291	CTT	-	-
18303	CTT	-	-
18305	CTT	-	-
18347	CTT	-	-
18349	CTT	-	-
18360	CTT	-	-
18363	CTT	-	-
18364	CTT	-	-
18365	CTT	-	-
18366	CTT	-	-
18367	CTT	-	-
18370	CTT	-	-
18371	CTT	-	-
18388	CTT	-	-
18445	CTT	-	-
18447	CTT	-	-
18451	CTT	-	-
18453	CTT	-	-
18490	CTT	-	-
18491	CTT	-	-
18494	CTT	-	-
18500	CTT	-	-
18504	CTT	-	-
18506	CTT	-	-
18507	CTT	-	-
18508	CTT	-	-
18523	CTT	-	-
18525	CTT	-	-
18531	CTT	-	-
18557	CTT	-	-
18601	CTT	-	-
18607	CTT	-	-
18632	CTT	-	-
18652	CTT	-	-
18653	CTT	-	-
18655	CTT	-	-
18662	CTT	-	-
18664	CTT	-	-
18669	CTT	-	-
18673	CTT	-	-
18674	CTT	-	-
18676	CTT	-	-
18677	CTT	-	-
18678	CTT	-	-
18680	CTT	-	-
18682	CTT	-	-
18710	CTT	-	-
18750	CTT	-	-
18752	CTT	-	-
18764	CTT	-	-
18765	CTT	-	-
18772	CTT	-	-
18774	CTT	-	-
18780	CTT	-	-
18794	CTT	-	-
18795	CTT	-	-
18798	CTT	-	-
18807	CTT	-	-
18810	CTT	-	-
18813	CTT	-	-
18817	CTT	-	-
18821	CTT	-	-
18823	CTT	-	-
18825	CTT	-	-
18829	CTT	-	-
18830	CTT	-	-
18833	CTT	-	-
18836	CTT	-	-
18845	CTT	-	-
18851	CTT	-	-
18854	CTT	-	-
18856	CTT	-	-
18858	CTT	-	-
18860	CTT	-	-
18870	CTT	-	-
18959	CTT	-	-
19004	CTT	-	-
19006	CTT	-	-
19009	CTT	-	-
19022	CTT	-	-
19158	CTT	-	-
19159	CTT	-	-
19166	CTT	-	-
19223	CTT	-	-
19262	CTT	-	-
19264	CTT	-	-
19266	CTT	-	-
19271	CTT	-	-
19273	CTT	-	-
19286	CTT	-	-
19298	CTT	-	-
19301	CTT	-	-
19310	CTT	-	-
19328	CTT	-	-
19337	CTT	-	-
19348	CTT	-	-
19350	CTT	-	-
19352	CTT	-	-
19354	CTT	-	-
19356	CTT	-	-
19415	CTT	-	-
19420	CTT	-	-
19504	CTT	-	-
19505	CTT	-	-
19510	CTT	-	-
19511	CTT	-	-
19514	CTT	-	-
19515	CTT	-	-
19517	CTT	-	-
19519	CTT	-	-
19520	CTT	-	-
19521	CTT	-	-
19548	CTT	-	-
19550	CTT	-	-
19560	CTT	-	-
19562	CTT	-	-
19563	CTT	-	-
19580	CTT	-	-
19581	CTT	-	-
19583	CTT	-	-
19584	CTT	-	-
19585	CTT	-	-
19587	CTT	-	-
19588	CTT	-	-
19600	CTT	-	-
19607	CTT	-	-
19614	CTT	-	-
19618	CTT	-	-
19619	CTT	-	-
19629	CTT	-	-
19644	CTT	-	-
19665	CTT	-	-
19668	CTT	-	-
19727	CTT	-	-
19729	CTT	-	-
19733	CTT	-	-
19744	CTT	-	-
19747	CTT	-	-
19748	CTT	-	-
19750	CTT	-	-
19773	CTT	-	-
19792	CTT	-	-
19797	CTT	-	-
19799	CTT	-	-
19803	CTT	-	-
19806	CTT	-	-
19813	CTT	-	-
19820	CTT	-	-
19822	CTT	-	-
19823	CTT	-	-
19824	CTT	-	-
19826	CTT	-	-
19828	CTT	-	-
19829	CTT	-	-
19831	CTT	-	-
19849	CTT	-	-
19853	CTT	-	-
19895	CTT	-	-
19953	CTT	-	-
19955	CTT	-	-
19957	CTT	-	-
19959	CTT	-	-
19963	CTT	-	-
19964	CTT	-	-
19965	CTT	-	-
19997	CTT	-	-
19999	CTT	-	-
20001	CTT	-	-
20011	CTT	-	-
20033	CTT	-	-
20065	CTT	-	-
20066	CTT	-	-
20072	CTT	-	-
20117	CTT	-	-
20124	CTT	-	-
20128	CTT	-	-
20140	CTT	-	-
20150	CTT	-	-
20152	CTT	-	-
20155	CTT	-	-
20161	CTT	-	-
20162	CTT	-	-
20164	CTT	-	-
20172	CTT	-	-
20174	CTT	-	-
20176	CTT	-	-
20187	CTT	-	-
20198	CTT	-	-
20200	CTT	-	-
20202	CTT	-	-
20217	CTT	-	-
20219	CTT	-	-
20222	CTT	-	-
20228	CTT	-	-
20230	CTT	-	-
20232	CTT	-	-
20238	CTT	-	-
20240	CTT	-	-
20242	CTT	-	-
20244	CTT	-	-
20248	CTT	-	-
20252	CTT	-	-
20254	CTT	-	-
20256	CTT	-	-
20276	CTT	-	-
20278	CTT	-	-
20279	CTT	-	-
20301	CTT	-	-
20309	CTT	-	-
20329	CTT	-	-
20330	CTT	-	-
20343	CTT	-	-
20352	CTT	-	-
20354	CTT	-	-
20355	CTT	-	-
20393	CTT	-	-
20395	CTT	-	-
20485	CTT	-	-
20498	CTT	-	-
20507	CTT	-	-
20508	CTT	-	-
20510	CTT	-	-
20511	CTT	-	-
20517	CTT	-	-
20521	CTT	-	-
20524	CTT	-	-
20526	CTT	-	-
20528	CTT	-	-
20529	CTT	-	-
20530	CTT	-	-
20531	CTT	-	-
20533	CTT	-	-
20535	CTT	-	-
20537	CTT	-	-
20538	CTT	-	-
20541	CTT	-	-
20544	CTT	-	-
20547	CTT	-	-
20549	CTT	-	-
20555	CTT	-	-
20556	CTT	-	-
20559	CTT	-	-
20561	CTT	-	-
20563	CTT	-	-
20565	CTT	-	-
20567	CTT	-	-
20569	CTT	-	-
20571	CTT	-	-
20572	CTT	-	-
20581	CTT	-	-
20585	CTT	-	-
20594	CTT	-	-
20597	CTT	-	-
20601	CTT	-	-
20603	CTT	-	-
20629	CTT	-	-
20631	CTT	-	-
20645	CTT	-	-
20647	CTT	-	-
20651	CTT	-	-
20661	CTT	-	-
20697	CTT	-	-
20702	CTT	-	-
20703	CTT	-	-
20704	CTT	-	-
20708	CTT	-	-
20710	CTT	-	-
20712	CTT	-	-
20714	CTT	-	-
20812	CTT	-	-
20834	CTT	-	-
20837	CTT	-	-
20849	CTT	-	-
20851	CTT	-	-
20853	CTT	-	-
20863	CTT	-	-
20865	CTT	-	-
20872	CTT	-	-
20873	CTT	-	-
20874	CTT	-	-
20877	CTT	-	-
20878	CTT	-	-
20879	CTT	-	-
20881	CTT	-	-
20883	CTT	-	-
20885	CTT	-	-
20887	CTT	-	-
20889	CTT	-	-
20891	CTT	-	-
20893	CTT	-	-
20895	CTT	-	-
20954	CTT	-	-
20967	CTT	-	-
21014	CTT	-	-
21015	CTT	-	-
21017	CTT	-	-
21019	CTT	-	-
21020	CTT	-	-
21023	CTT	-	-
21025	CTT	-	-
21071	CTT	-	-
21079	CTT	-	-
21086	CTT	-	-
21096	CTT	-	-
21113	CTT	-	-
21116	CTT	-	-
21119	CTT	-	-
21127	CTT	-	-
21135	CTT	-	-
21211	CTT	-	-
21213	CTT	-	-
21225	CTT	-	-
21226	CTT	-	-
21230	CTT	-	-
21275	CTT	-	-
21356	CTT	-	-
21385	CTT	-	-
21389	CTT	-	-
21406	CTT	-	-
21409	CTT	-	-
21420	CTT	-	-
21421	CTT	-	-
21422	CTT	-	-
21423	CTT	-	-
21424	CTT	-	-
21425	CTT	-	-
21447	CTT	-	-
21501	CTT	-	-
21503	CTT	-	-
21516	CTT	-	-
21538	CTT	-	-
21554	CTT	-	-
21557	CTT	-	-
21558	CTT	-	-
21572	CTT	-	-
21574	CTT	-	-
21576	CTT	-	-
21609	CTT	-	-
21611	CTT	-	-
21613	CTT	-	-
21615	CTT	-	-
21617	CTT	-	-
21619	CTT	-	-
21625	CTT	-	-
21629	CTT	-	-
21632	CTT	-	-
21638	CTT	-	-
21650	CTT	-	-
21654	CTT	-	-
21656	CTT	-	-
21658	CTT	-	-
21660	CTT	-	-
21662	CTT	-	-
21664	CTT	-	-
21668	CTT	-	-
21670	CTT	-	-
21672	CTT	-	-
21674	CTT	-	-
21676	CTT	-	-
21678	CTT	-	-
21718	CTT	-	-
21733	CTT	-	-
21735	CTT	-	-
21737	CTT	-	-
21739	CTT	-	-
21741	CTT	-	-
21762	CTT	-	-
21767	CTT	-	-
21807	CTT	-	-
21821	CTT	-	-
21822	CTT	-	-
21823	CTT	-	-
21824	CTT	-	-
21825	CTT	-	-
21827	CTT	-	-
21833	CTT	-	-
21835	CTT	-	-
21838	CTT	-	-
21839	CTT	-	-
21843	CTT	-	-
21847	CTT	-	-
21856	CTT	-	-
21870	CTT	-	-
21882	CTT	-	-
21888	CTT	-	-
21892	CTT	-	-
21894	CTT	-	-
21896	CTT	-	-
21898	CTT	-	-
21900	CTT	-	-
21912	CTT	-	-
21916	CTT	-	-
21925	CTT	-	-
21927	CTT	-	-
21928	CTT	-	-
21934	CTT	-	-
21944	CTT	-	-
21945	CTT	-	-
21946	CTT	-	-
21958	CTT	-	-
22025	CTT	-	-
22027	CTT	-	-
22032	CTT	-	-
22034	CTT	-	-
22055	CTT	-	-
22057	CTT	-	-
22069	CTT	-	-
22072	CTT	-	-
22089	CTT	-	-
22091	CTT	-	-
22150	CTT	-	-
22177	CTT	-	-
22180	CTT	-	-
22227	CTT	-	-
22229	CTT	-	-
22235	CTT	-	-
22241	CTT	-	-
22245	CTT	-	-
22247	CTT	-	-
22249	CTT	-	-
22268	CTT	-	-
22272	CTT	-	-
22274	CTT	-	-
22276	CTT	-	-
22278	CTT	-	-
22279	CTT	-	-
22280	CTT	-	-
22281	CTT	-	-
22285	CTT	-	-
22288	CTT	-	-
22289	CTT	-	-
22290	CTT	-	-
22291	CTT	-	-
22292	CTT	-	-
22294	CTT	-	-
22295	CTT	-	-
22296	CTT	-	-
22297	CTT	-	-
22299	CTT	-	-
22302	CTT	-	-
22306	CTT	-	-
22307	CTT	-	-
22308	CTT	-	-
22309	CTT	-	-
22310	CTT	-	-
22311	CTT	-	-
22314	CTT	-	-
22316	CTT	-	-
22317	CTT	-	-
22319	CTT	-	-
22321	CTT	-	-
22324	CTT	-	-
22326	CTT	-	-
22335	CTT	-	-
22336	CTT	-	-
22337	CTT	-	-
22339	CTT	-	-
22355	CTT	-	-
22363	CTT	-	-
22364	CTT	-	-
22369	CTT	-	-
22433	CTT	-	-
22434	CTT	-	-
22468	CTT	-	-
22469	CTT	-	-
22516	CTT	-	-
22539	CTT	-	-
22542	CTT	-	-
22554	CTT	-	-
22557	CTT	-	-
22560	CTT	-	-
22599	CTT	-	-
22607	CTT	-	-
22616	CTT	-	-
22618	CTT	-	-
22622	CTT	-	-
22624	CTT	-	-
22628	CTT	-	-
22630	CTT	-	-
22634	CTT	-	-
22733	CTT	-	-
22740	CTT	-	-
22753	CTT	-	-
22755	CTT	-	-
22757	CTT	-	-
22759	CTT	-	-
22761	CTT	-	-
22765	CTT	-	-
22767	CTT	-	-
22769	CTT	-	-
22771	CTT	-	-
22773	CTT	-	-
22777	CTT	-	-
22779	CTT	-	-
22781	CTT	-	-
22783	CTT	-	-
22785	CTT	-	-
22787	CTT	-	-
22789	CTT	-	-
22791	CTT	-	-
22793	CTT	-	-
22797	CTT	-	-
22799	CTT	-	-
22801	CTT	-	-
22803	CTT	-	-
22805	CTT	-	-
22807	CTT	-	-
22809	CTT	-	-
22813	CTT	-	-
22815	CTT	-	-
22817	CTT	-	-
22819	CTT	-	-
22821	CTT	-	-
22823	CTT	-	-
22826	CTT	-	-
22829	CTT	-	-
22840	CTT	-	-
22841	CTT	-	-
22846	CTT	-	-
22848	CTT	-	-
22884	CTT	-	-
22898	CTT	-	-
22900	CTT	-	-
22902	CTT	-	-
22903	CTT	-	-
22923	CTT	-	-
22925	CTT	-	-
22988	CTT	-	-
23009	CTT	-	-
23014	CTT	-	-
23017	CTT	-	-
23019	CTT	-	-
23020	CTT	-	-
23024	CTT	-	-
23027	CTT	-	-
23031	CTT	-	-
23033	CTT	-	-
23035	CTT	-	-
23037	CTT	-	-
23042	CTT	-	-
23044	CTT	-	-
23046	CTT	-	-
23066	CTT	-	-
23068	CTT	-	-
23070	CTT	-	-
23073	CTT	-	-
23076	CTT	-	-
23083	CTT	-	-
23091	CTT	-	-
23186	CTT	-	-
23190	CTT	-	-
23192	CTT	-	-
23193	CTT	-	-
23194	CTT	-	-
23216	CTT	-	-
23218	CTT	-	-
23220	CTT	-	-
23222	CTT	-	-
23269	CTT	-	-
23271	CTT	-	-
23282	CTT	-	-
23287	CTT	-	-
23313	CTT	-	-
23326	CTT	-	-
23330	CTT	-	-
23352	CTT	-	-
23413	CTT	-	-
23415	CTT	-	-
23444	CTT	-	-
23445	CTT	-	-
23449	CTT	-	-
23450	CTT	-	-
23451	CTT	-	-
23453	CTT	-	-
23504	CTT	-	-
23554	CTT	-	-
23556	CTT	-	-
23558	CTT	-	-
23560	CTT	-	-
23562	CTT	-	-
23564	CTT	-	-
23592	CTT	-	-
23616	CTT	-	-
23653	CTT	-	-
23794	CTT	-	-
23807	CTT	-	-
23810	CTT	-	-
24028	CTT	-	-
24031	CTT	-	-
24032	CTT	-	-
24122	CTT	-	-
24132	CTT	-	-
24158	CTT	-	-
24165	CTT	-	-
24168	CTT	-	-
24172	CTT	-	-
24208	CTT	-	-
24277	CTT	-	-
24292	CTT	-	-
24294	CTT	-	-
24377	CTT	-	-
24378	CTT	-	-
24379	CTT	-	-
24428	CTT	-	-
24479	CTT	-	-
24515	CTT	-	-
24516	CTT	-	-
24819	CTT	-	-
24916	CTT	-	-
24921	CTT	-	-
25273	CTT	-	-
25494	CTT	-	-
25762	CTT	-	-
25835	CTT	-	-
25837	CTT	-	-
25839	CTT	-	-
25861	CTT	-	-
25877	CTT	-	-
25881	CTT	-	-
25885	CTT	-	-
25890	CTT	-	-
26188	CTT	-	-
26204	CTT	-	-
26211	CTT	-	-
26232	CTT	-	-
26306	CTT	-	-
26385	CTT	-	-
26393	CTT	-	-
26446	CTT	-	-
26461	CTT	-	-
26462	CTT	-	-
26463	CTT	-	-
26513	CTT	-	-
26514	CTT	-	-
26515	CTT	-	-
26516	CTT	-	-
26517	CTT	-	-
26575	CTT	-	-
26722	CTT	-	-
26724	CTT	-	-
26725	CTT	-	-
26754	CTT	-	-
26756	CTT	-	-
26762	CTT	-	-
26788	CTT	-	-
26809	CTT	-	-
26858	CTT	-	-
26883	CTT	-	-
27046	CTT	-	-
27050	CTT	-	-
27180	CTT	-	-
27327	CTT	-	-
27686	CTT	-	-
27704	CTT	-	-
27730	CTT	-	-
27851	CTT	-	-
27852	CTT	-	-
27861	CTT	-	-
27866	CTT	-	-
27901	CTT	-	-
28135	CTT	-	-
28137	CTT	-	-
28404	CTT	-	-
28433	CTT	-	-
28435	CTT	-	-
28665	CTT	-	-
28668	CTT	-	-
28682	CTT	-	-
28876	CTT	-	-
28878	CTT	-	-
28880	CTT	-	-
29050	CTT	-	-
29060	CTT	-	-
29079	CTT	-	-
29152	CTT	-	-
29159	CTT	-	-
29162	CTT	-	-
29166	CTT	-	-
29168	CTT	-	-
29253	CTT	-	-
29440	CTT	-	-
29460	CTT	-	-
29461	CTT	-	-
29462	CTT	-	-
29463	CTT	-	-
29474	CTT	-	-
29476	CTT	-	-
29477	CTT	-	-
29481	CTT	-	-
29485	CTT	-	-
29503	CTT	-	-
29580	CTT	-	-
29653	CTT	-	-
29676	CTT	-	-
29700	CTT	-	-
29703	CTT	-	-
29884	CTT	-	-
29890	CTT	-	-
29906	CTT	-	-
29934	CTT	-	-
29969	CTT	-	-
29974	CTT	-	-
29991	CTT	-	-
30008	CTT	-	-
30103	CTT	-	-
30718	CTT	-	-
30720	CTT	-	-
30721	CTT	-	-
30722	CTT	-	-
30723	CTT	-	-
30724	CTT	-	-
30904	CTT	-	-
30942	CTT	-	-
30970	CTT	-	-
31051	CTT	-	-
31064	CTT	-	-
31075	CTT	-	-
31099	CTT	-	-
31101	CTT	-	-
31103	CTT	-	-
31108	CTT	-	-
31163	CTT	-	-
31204	CTT	-	-
31481	CTT	-	-
31597	CTT	-	-
31726	CTT	-	-
31727	CTT	-	-
31771	CTT	-	-
31773	CTT	-	-
31775	CTT	-	-
31777	CTT	-	-
31779	CTT	-	-
31781	CTT	-	-
31783	CTT	-	-
31785	CTT	-	-
31795	CTT	-	-
31817	CTT	-	-
31846	CTT	-	-
31856	CTT	-	-
31993	CTT	-	-
32082	CTT	-	-
32150	CTT	-	-
32178	CTT	-	-
32274	CTT	-	-
32332	CTT	-	-
32346	CTT	-	-
32349	CTT	-	-
32361	CTT	-	-
32374	CTT	-	-
32392	CTT	-	-
32419	CTT	-	-
32473	CTT	-	-
32485	CTT	-	-
32498	CTT	-	-
32500	CTT	-	-
32683	CTT	-	-
32685	CTT	-	-
32746	CTT	-	-
32749	CTT	-	-
32750	CTT	-	-
32785	CTT	-	-
32826	CTT	-	-
32947	CTT	-	-
32957	CTT	-	-
33064	CTT	-	-
33212	CTT	-	-
33213	CTT	-	-
33214	CTT	-	-
33215	CTT	-	-
33216	CTT	-	-
33217	CTT	-	-
33218	CTT	-	-
33219	CTT	-	-
33220	CTT	-	-
33222	CTT	-	-
33223	CTT	-	-
33324	CTT	-	-
33399	CTT	-	-
33522	CTT	-	-
33658	CTT	-	-
33734	CTT	-	-
33737	CTT	-	-
33738	CTT	-	-
33774	CTT	-	-
33778	CTT	-	-
33800	CTT	-	-
33816	CTT	-	-
33818	CTT	-	-
33820	CTT	-	-
33826	CTT	-	-
33836	CTT	-	-
34124	CTT	-	-
34137	CTT	-	-
34150	CTT	-	-
34263	CTT	-	-
34608	CTT	-	-
35115	CTT	-	-
