118780	SOPI
118725	SOPI
118728	SOPI
118747	SOPI
118750	SOPI
118751	SOPI
118784	SOPI
118785	SOPI
118788	SOPI
126676	SOPI
162259	SOPI
184413	SOPI
192473	SOPI
118755	SOPI
118758	SOPI
217289	SOPI
118754	SOPI
118779	SOPI
118787	SOPI
118748	SOPI
126677	SOPI
211673	SOPI
678860	SOPI
245433	SOPI
118752	SOPI
118729	SOPI
118757	SOPI
184415	SOPI
118731	SOPI
118790	SOPI
118793	SOPI
118771	SOPI
256845	SOPI
118727	SOPI
118791	SOPI
245855	SOPI
698160	SOPI
790682	SOPI
118724	VISA
118734	VISA
628699	VISA
698161	VISA
245747	VISA
646817	VISA
118745	VISA
628698	VISA
118739	VISA
782936	VISA
127658	VISA
647593	VISA
253808	VISA
129766	VISA
188005	GFA 1L
198213	GFA 300ML
103332	GFA 300ML
30487	GFA 300ML
103330	GFA 600ML
30486	GFA 600ML
30491	GFA 600ML
899599	GFA 600ML
9880614	Outros
128807	Outros
118196	Outros
1000027	Outros
1000082	Outros
46555	Outros
101086	Outros
101489	Outros
638754	Outros
1000093	Outros
100006	Outros
146626	Outros
862225	VISA
1000019	Outros
52055	Outros
127800	Outros
128810	Outros
9880614	Outros
883418	Outros
1001726	Outros
100255	Outros
118197	Outros
101490	Outros
651007	Outros
128818	Outros
146704	Outros
256853	Outros
818582	Outros
4458796	Outros
9880538	Outros
273024	Outros
1000783	Outros
147765	Outros
625293	Outros
234565	Outros
9880513	Outros
624685	Outros
862277	VISA
762511	Outros
9880540	Outros
184080	Outros
242010	Outros
184079	Outros
1000191	Outros
1000111	Outros
1819000	Outros
9898966	Outros
191386	Outros
802921	Outros
9880537	Outros
9880539	Outros
899254	SOPI
899255	SOPI
4458795	Outros
899257	SOPI
4587954	Outros
4587955	Outros
775791	Outros
778551	Outros
815628	Outros
887475	Outros
